时间(s),MP3B传感器(V),TGS2620传感器(V),MP801传感器(V),WSP2110传感器(V),TGS2609传感器(V),TGS2603传感器(V),TGS2602传感器(V),TGS2600传感器(V)
0.200000,0.181533,0.372115,0.117341,0.137952,0.410664,0.545622,0.157404,0.333155
0.400000,0.181326,0.371177,0.078170,0.137585,0.408319,0.545330,0.156831,0.331427
0.600000,0.181293,0.370688,0.117484,0.137541,0.406855,0.545234,0.156643,0.330466
0.800000,0.181242,0.370070,0.117220,0.137401,0.405506,0.545114,0.156385,0.329303
1.000000,0.181204,0.369597,0.117356,0.137318,0.404071,0.545022,0.155831,0.328285
1.200000,0.181195,0.369231,0.117217,0.137191,0.402724,0.545027,0.155836,0.327385
1.400000,0.181136,0.368749,0.078207,0.136804,0.401321,0.544970,0.155610,0.326455
1.600000,0.181074,0.367924,0.156186,0.136738,0.400071,0.544729,0.155309,0.325561
1.800000,0.181033,0.367606,0.117150,0.136538,0.398580,0.544467,0.154915,0.324404
2.000000,0.180978,0.367259,0.116990,0.136673,0.397444,0.544446,0.154803,0.323426
2.200000,0.180858,0.366702,0.117130,0.136275,0.395963,0.544381,0.154435,0.322489
2.400000,0.180922,0.366143,0.117060,0.136406,0.394474,0.544277,0.154170,0.321502
2.600000,0.180644,0.365440,0.116782,0.136067,0.392858,0.543742,0.153688,0.320170
2.800000,0.180653,0.364875,0.116708,0.135751,0.391135,0.543668,0.153358,0.318978
3.000000,0.180699,0.364562,0.116664,0.135812,0.389981,0.543765,0.153201,0.318015
3.200000,0.180693,0.364016,0.116877,0.135511,0.388699,0.543807,0.152977,0.317147
3.400000,0.180529,0.363707,0.116769,0.135603,0.387447,0.543488,0.152720,0.316269
3.600000,0.180609,0.363114,0.116713,0.135415,0.386149,0.543115,0.152437,0.315302
3.800000,0.180532,0.362588,0.116713,0.135357,0.384831,0.543147,0.152156,0.314374
4.000000,0.180562,0.362327,0.116668,0.135343,0.383710,0.543168,0.152016,0.313560
4.200000,0.180505,0.361796,0.116698,0.134767,0.382546,0.543047,0.151704,0.312610
4.400000,0.180430,0.361189,0.116534,0.134926,0.381162,0.542851,0.151458,0.311648
4.600000,0.180450,0.360897,0.116513,0.134935,0.380075,0.542827,0.151214,0.310748
4.800000,0.180510,0.360506,0.116420,0.134572,0.378578,0.542489,0.150938,0.309854
5.000000,0.180299,0.360020,0.116471,0.134529,0.377523,0.542328,0.150623,0.308914
5.200000,0.180303,0.359562,0.116565,0.134353,0.376331,0.542426,0.150442,0.308144
5.400000,0.180267,0.359157,0.116398,0.134308,0.375364,0.542274,0.150207,0.307443
5.600000,0.180225,0.358610,0.116285,0.134226,0.374025,0.542057,0.149987,0.306487
5.800000,0.180202,0.358304,0.116346,0.134069,0.372796,0.541940,0.149806,0.305629
6.000000,0.180150,0.357952,0.116406,0.133868,0.371770,0.541836,0.149416,0.304908
6.200000,0.180129,0.357428,0.116205,0.133744,0.370373,0.541660,0.149381,0.303833
6.400000,0.180066,0.356768,0.116286,0.133709,0.369054,0.541443,0.148998,0.302911
6.600000,0.179932,0.356569,0.116183,0.133588,0.367919,0.541466,0.148656,0.302005
6.800000,0.180012,0.356172,0.115987,0.133432,0.366871,0.541323,0.148443,0.301262
7.000000,0.179892,0.355531,0.115995,0.133238,0.365666,0.541105,0.148053,0.300226
7.200000,0.179958,0.355280,0.116048,0.133286,0.364807,0.541194,0.147962,0.299639
7.400000,0.179832,0.354918,0.116017,0.133184,0.363467,0.540847,0.147791,0.298866
7.600000,0.179802,0.354592,0.115836,0.133002,0.362488,0.540735,0.147678,0.298119
7.800000,0.179830,0.354056,0.115984,0.133046,0.361463,0.540683,0.147391,0.297268
8.000000,0.179771,0.353703,0.115941,0.132801,0.360411,0.540608,0.147074,0.296500
8.200000,0.179734,0.353108,0.115944,0.132720,0.359314,0.540448,0.146893,0.295615
8.400000,0.179716,0.352808,0.115829,0.132685,0.358253,0.540173,0.146498,0.294883
8.600000,0.179663,0.352519,0.115862,0.132372,0.357217,0.540255,0.146394,0.294169
8.800000,0.179459,0.352070,0.115773,0.132384,0.356175,0.539975,0.146296,0.293481
9.000000,0.179698,0.351987,0.115706,0.132305,0.355248,0.539923,0.146015,0.292758
9.200000,0.179561,0.351532,0.115459,0.132365,0.354238,0.539813,0.145820,0.292099
9.400000,0.179524,0.351154,0.115677,0.132246,0.353385,0.539648,0.145699,0.291428
9.600000,0.179496,0.350682,0.115553,0.132120,0.352182,0.539494,0.145363,0.290598
9.800000,0.179472,0.350452,0.115650,0.131862,0.351303,0.539303,0.145025,0.289916
10.000000,0.179309,0.350167,0.115587,0.131986,0.350381,0.539181,0.145000,0.289236
10.200000,0.179262,0.349804,0.115584,0.131764,0.349283,0.539241,0.144711,0.288403
10.400000,0.179364,0.349174,0.115396,0.131637,0.348244,0.539005,0.144485,0.287790
10.600000,0.179440,0.348979,0.115545,0.131561,0.347471,0.538678,0.144470,0.287166
10.800000,0.179275,0.348672,0.115488,0.131463,0.346431,0.538675,0.144097,0.286455
11.000000,0.179260,0.348325,0.115652,0.131227,0.345600,0.538486,0.143994,0.285786
11.200000,0.179259,0.347915,0.115362,0.131226,0.344577,0.538592,0.143825,0.285105
11.400000,0.179153,0.347707,0.115393,0.131180,0.343749,0.538330,0.143699,0.284373
11.600000,0.179158,0.347177,0.115390,0.130956,0.342894,0.538167,0.143405,0.283710
11.800000,0.179274,0.346816,0.115342,0.130974,0.341974,0.538138,0.143183,0.283165
12.000000,0.179105,0.346621,0.115330,0.130978,0.341092,0.537847,0.142832,0.282253
12.200000,0.179086,0.346344,0.115204,0.130909,0.340177,0.537951,0.142815,0.281973
12.400000,0.179041,0.345804,0.115279,0.130716,0.339304,0.537659,0.142639,0.281065
12.600000,0.178860,0.345759,0.115324,0.130750,0.338417,0.537620,0.142387,0.280378
12.800000,0.178836,0.345140,0.115132,0.130576,0.337440,0.537279,0.142081,0.279815
13.000000,0.178767,0.344943,0.115073,0.130358,0.336609,0.537309,0.142069,0.279284
13.200000,0.178897,0.344620,0.115119,0.130323,0.335889,0.537122,0.141761,0.278632
13.400000,0.178700,0.344331,0.115067,0.130292,0.335130,0.537033,0.141689,0.278168
13.600000,0.178788,0.344131,0.114919,0.130067,0.334291,0.536869,0.141547,0.277430
13.800000,0.178683,0.343862,0.115144,0.130156,0.333677,0.536695,0.141438,0.277040
14.000000,0.178764,0.343560,0.115181,0.130026,0.332792,0.536789,0.141269,0.276468
14.200000,0.178760,0.343186,0.114981,0.129902,0.331964,0.536571,0.141062,0.275992
14.400000,0.178682,0.342783,0.115022,0.129901,0.331290,0.536357,0.140930,0.275356
14.600000,0.178570,0.342636,0.114967,0.129974,0.330382,0.536237,0.140574,0.274686
14.800000,0.178674,0.342374,0.114796,0.129788,0.329749,0.536286,0.140541,0.274301
15.000000,0.178622,0.342160,0.114794,0.129558,0.329050,0.535931,0.140443,0.273612
15.200000,0.178618,0.342097,0.115005,0.129653,0.328275,0.535820,0.140311,0.273212
15.400000,0.178632,0.341631,0.114785,0.129414,0.327639,0.535801,0.140177,0.272692
15.600000,0.178407,0.341429,0.114868,0.129448,0.326929,0.535797,0.139954,0.272287
15.800000,0.178567,0.341104,0.114849,0.129251,0.326211,0.535659,0.139892,0.271661
16.000000,0.178510,0.340819,0.114813,0.129337,0.325459,0.535472,0.139667,0.270999
16.200000,0.178475,0.340481,0.114840,0.129104,0.324558,0.535340,0.139519,0.270663
16.400000,0.178458,0.340300,0.114619,0.129229,0.324039,0.535164,0.139362,0.270048
16.600000,0.178267,0.340111,0.114831,0.129108,0.323268,0.535103,0.139190,0.269594
16.800000,0.178424,0.339662,0.114664,0.128956,0.322664,0.534888,0.139084,0.269090
17.000000,0.178255,0.339358,0.114596,0.129076,0.321957,0.534690,0.138932,0.268562
17.200000,0.178233,0.339100,0.114720,0.128785,0.321144,0.534754,0.138803,0.267985
17.400000,0.178343,0.339024,0.114742,0.128862,0.320566,0.534524,0.138645,0.267586
17.600000,0.178309,0.338604,0.114667,0.128924,0.319898,0.534474,0.138488,0.267138
17.800000,0.178314,0.338305,0.114448,0.128674,0.319254,0.534228,0.138269,0.266681
18.000000,0.178282,0.338003,0.114607,0.128768,0.318586,0.534216,0.138151,0.266225
18.200000,0.178232,0.337945,0.114507,0.128529,0.318037,0.534065,0.138218,0.265770
18.400000,0.178098,0.337596,0.114709,0.128468,0.317226,0.534188,0.137952,0.265161
18.600000,0.178109,0.337375,0.114575,0.128384,0.316556,0.533968,0.137836,0.264515
18.800000,0.178157,0.337034,0.114503,0.128368,0.315573,0.533687,0.137586,0.263914
19.000000,0.178111,0.336908,0.114467,0.128224,0.314959,0.533523,0.137366,0.263437
19.200000,0.177928,0.336755,0.114407,0.128228,0.314206,0.533480,0.137312,0.262984
19.400000,0.178050,0.336279,0.114480,0.128090,0.313858,0.533203,0.137157,0.262541
19.600000,0.178036,0.335968,0.114424,0.128123,0.313011,0.533166,0.136978,0.262079
19.800000,0.178056,0.335717,0.114356,0.127908,0.273445,0.533136,0.136892,0.261669
20.000000,0.178028,0.335572,0.114377,0.127898,0.311762,0.532837,0.136787,0.261331
20.200000,0.178149,0.335335,0.114177,0.127952,0.311194,0.532947,0.136663,0.260639
20.400000,0.177892,0.335057,0.114257,0.127738,0.310646,0.532557,0.136434,0.260031
20.600000,0.177946,0.334820,0.114186,0.127746,0.309992,0.532563,0.136393,0.259829
20.800000,0.177948,0.334746,0.114288,0.127577,0.309374,0.532519,0.136158,0.259540
21.000000,0.177914,0.334455,0.114280,0.127618,0.308689,0.532354,0.136250,0.258929
21.200000,0.177896,0.334216,0.114402,0.127434,0.308185,0.532329,0.135974,0.258485
21.400000,0.177516,0.333965,0.114116,0.127524,0.307266,0.531851,0.135924,0.258108
21.600000,0.177891,0.333700,0.114145,0.127429,0.306940,0.532032,0.135643,0.257635
21.800000,0.177824,0.333441,0.114201,0.127407,0.306400,0.531972,0.135689,0.257194
22.000000,0.177785,0.333150,0.114055,0.127345,0.305495,0.531707,0.135354,0.256779
22.200000,0.177709,0.333070,0.114279,0.127124,0.305228,0.531634,0.135452,0.256475
22.400000,0.177770,0.332843,0.114092,0.127217,0.304711,0.531428,0.135279,0.255981
22.600000,0.177715,0.332596,0.114027,0.127218,0.303959,0.531445,0.135186,0.255536
22.800000,0.177725,0.332207,0.114115,0.127105,0.303649,0.531234,0.134918,0.255111
23.000000,0.177698,0.332090,0.114115,0.127028,0.302953,0.531139,0.134927,0.254648
23.200000,0.177688,0.331948,0.114014,0.126869,0.302417,0.531026,0.134841,0.254307
23.400000,0.177656,0.331720,0.113928,0.126819,0.301868,0.531122,0.134845,0.253559
23.600000,0.177733,0.331554,0.114052,0.126877,0.301409,0.530781,0.134632,0.253488
23.800000,0.177578,0.331118,0.113869,0.126782,0.300750,0.530615,0.134447,0.253140
24.000000,0.177578,0.330867,0.114110,0.126718,0.300269,0.530619,0.134372,0.252667
24.200000,0.177569,0.330647,0.113829,0.126685,0.299610,0.530322,0.134276,0.252279
24.400000,0.177515,0.330722,0.113873,0.126527,0.299155,0.530254,0.134144,0.251967
24.600000,0.177470,0.330393,0.114094,0.126627,0.298718,0.530090,0.134057,0.251505
24.800000,0.177500,0.330165,0.113914,0.126390,0.298091,0.529973,0.133864,0.251097
25.000000,0.177380,0.329976,0.113855,0.126643,0.297497,0.529819,0.133845,0.250626
25.200000,0.177259,0.329711,0.113728,0.126434,0.296866,0.529867,0.133688,0.250240
25.400000,0.177360,0.329441,0.113977,0.126341,0.296460,0.529496,0.133599,0.249806
25.600000,0.177374,0.329325,0.114063,0.126234,0.295687,0.529546,0.133570,0.249586
25.800000,0.177372,0.329284,0.113859,0.126292,0.295367,0.529345,0.133397,0.249103
26.000000,0.177361,0.329074,0.113813,0.126207,0.294671,0.529448,0.133290,0.248595
26.200000,0.177171,0.328779,0.113779,0.126122,0.294247,0.529280,0.133341,0.248336
26.400000,0.177350,0.328414,0.113785,0.126259,0.293825,0.529158,0.133123,0.248066
26.600000,0.177156,0.328140,0.113668,0.126077,0.293254,0.528933,0.133027,0.247573
26.800000,0.177184,0.328081,0.113778,0.125972,0.292785,0.528774,0.132863,0.247177
27.000000,0.177255,0.328012,0.113864,0.125974,0.292246,0.528578,0.132617,0.246749
27.200000,0.177249,0.327626,0.113691,0.125918,0.291595,0.528432,0.132552,0.246552
27.400000,0.177219,0.327557,0.113830,0.125877,0.291146,0.528537,0.132741,0.246133
27.600000,0.177217,0.327215,0.113769,0.125706,0.290940,0.528047,0.132462,0.245721
27.800000,0.177207,0.327185,0.113599,0.125649,0.290287,0.528187,0.132323,0.245424
28.000000,0.177017,0.326878,0.113661,0.125585,0.289859,0.527984,0.132167,0.245115
28.200000,0.177150,0.326778,0.113490,0.125567,0.289324,0.527853,0.132178,0.244711
28.400000,0.177114,0.326511,0.113543,0.125670,0.288731,0.527823,0.132001,0.244362
28.600000,0.177116,0.326525,0.113655,0.125544,0.288509,0.527773,0.132015,0.244070
28.800000,0.176884,0.326201,0.113660,0.125543,0.287989,0.527761,0.132070,0.243654
29.000000,0.177084,0.325846,0.113662,0.125442,0.287364,0.527450,0.131811,0.243465
29.200000,0.177056,0.325910,0.113515,0.125381,0.286891,0.527394,0.131832,0.242963
29.400000,0.176882,0.325744,0.113433,0.125358,0.286597,0.527209,0.131674,0.242621
29.600000,0.177153,0.325418,0.113636,0.125287,0.286132,0.527204,0.131648,0.242462
29.800000,0.176892,0.325263,0.113493,0.125247,0.285742,0.527024,0.131417,0.242035
30.000000,0.176963,0.325126,0.113648,0.125132,0.285234,0.526621,0.131279,0.241675
30.200000,0.176843,0.324940,0.113125,0.125185,0.284751,0.526587,0.131275,0.240790
30.400000,0.176873,0.324701,0.113508,0.124980,0.284039,0.526572,0.131186,0.241084
30.600000,0.177365,0.324703,0.113261,0.125037,0.283701,0.526483,0.131134,0.240592
30.800000,0.179476,0.324399,0.113422,0.125015,0.283443,0.526457,0.131024,0.240178
31.000000,0.184012,0.324082,0.113378,0.124949,0.282614,0.526428,0.130982,0.239968
31.200000,0.189558,0.323882,0.113232,0.124927,0.282567,0.526223,0.130857,0.239743
31.400000,0.197716,0.324070,0.113229,0.124885,0.282478,0.526068,0.131063,0.239690
31.600000,0.207887,0.323684,0.113378,0.125092,0.282528,0.525872,0.130886,0.239598
31.800000,0.219438,0.323780,0.113449,0.124931,0.282796,0.525950,0.131061,0.239901
32.000000,0.231944,0.323796,0.113670,0.125263,0.283638,0.525932,0.131056,0.240450
32.200000,0.244628,0.324093,0.113481,0.125363,0.284691,0.525765,0.131676,0.241163
32.400000,0.256953,0.324436,0.113635,0.125653,0.286194,0.525752,0.131896,0.242329
32.600000,0.268675,0.324878,0.113714,0.126100,0.288649,0.525717,0.132279,0.243813
32.800000,0.279254,0.325983,0.114004,0.126356,0.290988,0.525717,0.132829,0.245575
33.000000,0.289008,0.327227,0.114210,0.127164,0.294105,0.525680,0.133439,0.247776
33.200000,0.298156,0.329042,0.114672,0.127985,0.297814,0.525813,0.134088,0.250154
33.400000,0.306131,0.331173,0.115179,0.128796,0.302092,0.525816,0.134757,0.253153
33.600000,0.312876,0.333592,0.115397,0.129887,0.306093,0.525655,0.135406,0.256152
33.800000,0.318924,0.336903,0.116149,0.131086,0.311088,0.525858,0.136302,0.259641
34.000000,0.324647,0.340287,0.116938,0.132409,0.316126,0.525766,0.137139,0.263428
34.200000,0.329039,0.344244,0.117661,0.133746,0.321732,0.525712,0.138011,0.267198
34.400000,0.332969,0.348682,0.118126,0.135316,0.327596,0.525936,0.139101,0.271533
34.600000,0.336564,0.353755,0.119173,0.136744,0.333526,0.525958,0.139998,0.275800
34.800000,0.339492,0.358967,0.120010,0.138510,0.339761,0.526100,0.140923,0.280508
35.000000,0.342013,0.364577,0.120833,0.140089,0.345818,0.526087,0.141817,0.285295
35.200000,0.344150,0.370737,0.121832,0.141941,0.352745,0.526233,0.142983,0.290368
35.400000,0.345879,0.376755,0.122728,0.143566,0.359094,0.526355,0.143951,0.295121
35.600000,0.347207,0.383022,0.123383,0.145249,0.365592,0.526189,0.144843,0.299996
35.800000,0.348483,0.389434,0.124083,0.146805,0.372301,0.526452,0.145929,0.305126
36.000000,0.349307,0.396554,0.124997,0.148693,0.379016,0.526516,0.146814,0.310305
36.200000,0.350220,0.403599,0.125857,0.150442,0.385713,0.526730,0.147921,0.315658
36.400000,0.350803,0.410793,0.126364,0.152237,0.392686,0.526488,0.149057,0.320770
36.600000,0.351445,0.418474,0.127503,0.153992,0.399615,0.526726,0.149842,0.326628
36.800000,0.351817,0.426286,0.128159,0.155647,0.406676,0.526843,0.151029,0.332087
37.000000,0.351978,0.434407,0.128940,0.157627,0.413981,0.526877,0.152076,0.338015
37.200000,0.352234,0.444208,0.129720,0.159643,0.422551,0.526890,0.153209,0.344572
37.400000,0.352341,0.452440,0.130599,0.161532,0.429931,0.527113,0.154383,0.350411
37.600000,0.352491,0.460852,0.131180,0.163258,0.437334,0.527219,0.155444,0.356264
37.800000,0.352546,0.469426,0.131972,0.165004,0.444497,0.527385,0.156464,0.362225
38.000000,0.352572,0.477900,0.132745,0.166714,0.452205,0.527345,0.157601,0.367991
38.200000,0.352413,0.486461,0.133302,0.168349,0.459661,0.527628,0.158602,0.373984
38.400000,0.352187,0.495207,0.134119,0.170056,0.467123,0.527563,0.159596,0.379669
38.600000,0.351927,0.503947,0.134906,0.171697,0.474815,0.527826,0.160571,0.385828
38.800000,0.352067,0.512514,0.135263,0.173365,0.482097,0.527673,0.161736,0.391774
39.000000,0.351870,0.521155,0.136012,0.174983,0.490037,0.528024,0.162765,0.397786
39.200000,0.351645,0.529919,0.136447,0.176646,0.497630,0.528207,0.163665,0.403680
39.400000,0.351544,0.538568,0.137155,0.178111,0.505500,0.528117,0.164755,0.409740
39.600000,0.351371,0.547118,0.137798,0.179650,0.513190,0.528315,0.165615,0.415660
39.800000,0.351074,0.555683,0.138366,0.181413,0.521016,0.528480,0.166708,0.421791
40.000000,0.350719,0.563728,0.138972,0.182698,0.528590,0.528447,0.167831,0.427757
40.200000,0.350405,0.572344,0.139666,0.184305,0.536643,0.528581,0.168624,0.434058
40.400000,0.350227,0.580749,0.139977,0.185788,0.544082,0.528643,0.169707,0.440143
40.600000,0.349991,0.588849,0.140628,0.187176,0.552332,0.529110,0.170800,0.446264
40.800000,0.349728,0.596634,0.141107,0.188589,0.560109,0.529231,0.171745,0.452491
41.000000,0.349404,0.604727,0.141745,0.189839,0.567871,0.529062,0.172743,0.458587
41.200000,0.349129,0.612484,0.142164,0.191472,0.575619,0.529468,0.173554,0.464481
41.400000,0.348676,0.619967,0.142807,0.192646,0.583611,0.529445,0.174604,0.470702
41.600000,0.348482,0.627339,0.143242,0.193945,0.591087,0.529606,0.175508,0.476555
41.800000,0.348232,0.634619,0.143714,0.195415,0.598940,0.529649,0.176532,0.482737
42.000000,0.348002,0.641596,0.144189,0.196614,0.606434,0.529875,0.177438,0.488629
42.200000,0.347601,0.648586,0.144632,0.197887,0.614145,0.529820,0.178227,0.494476
42.400000,0.347376,0.655090,0.145075,0.199155,0.621569,0.530123,0.179150,0.500413
42.600000,0.347114,0.661501,0.145352,0.200352,0.628943,0.530480,0.180326,0.506224
42.800000,0.346740,0.667758,0.145746,0.201425,0.636269,0.530153,0.181061,0.511813
43.000000,0.346575,0.673776,0.146322,0.202767,0.643473,0.530426,0.181968,0.517652
43.200000,0.346311,0.679739,0.146756,0.203988,0.650647,0.530667,0.182853,0.523334
43.400000,0.346018,0.685127,0.147129,0.204996,0.657551,0.530748,0.183747,0.529131
43.600000,0.345895,0.692011,0.147440,0.206316,0.666758,0.530999,0.184928,0.536020
43.800000,0.345439,0.696908,0.147917,0.207447,0.673331,0.530711,0.185431,0.541265
44.000000,0.345297,0.702148,0.148452,0.208482,0.680106,0.531052,0.186591,0.546745
44.200000,0.345047,0.706973,0.148514,0.209546,0.686798,0.531299,0.187319,0.551989
44.400000,0.344940,0.711562,0.148835,0.210518,0.693360,0.531417,0.188097,0.557343
44.600000,0.344648,0.715821,0.149386,0.211485,0.699864,0.531373,0.189016,0.562564
44.800000,0.344303,0.720142,0.149717,0.212418,0.706226,0.531650,0.189700,0.567635
45.000000,0.344249,0.724074,0.150023,0.213547,0.712720,0.531908,0.190516,0.572540
45.200000,0.343856,0.727968,0.150446,0.214436,0.718865,0.531888,0.191109,0.577608
45.400000,0.343654,0.731881,0.150622,0.215371,0.724809,0.532056,0.192030,0.582560
45.600000,0.343626,0.735065,0.151045,0.216343,0.730651,0.532116,0.192669,0.587147
45.800000,0.343411,0.738822,0.151227,0.217266,0.736302,0.532375,0.193360,0.591728
46.000000,0.343215,0.741623,0.151484,0.218001,0.703185,0.532442,0.194237,0.596314
46.200000,0.342884,0.744885,0.151823,0.218896,0.747745,0.532498,0.194957,0.600904
46.400000,0.342845,0.747811,0.152125,0.219796,0.753480,0.532408,0.195705,0.605581
46.600000,0.342662,0.750733,0.152177,0.220631,0.758688,0.532742,0.196252,0.609956
46.800000,0.342462,0.753368,0.152449,0.221456,0.764201,0.532875,0.197077,0.614249
47.000000,0.342321,0.755927,0.152887,0.222217,0.769354,0.533059,0.197768,0.618731
47.200000,0.341951,0.758323,0.153185,0.222938,0.774393,0.533015,0.198357,0.622765
47.400000,0.342024,0.760765,0.153052,0.223810,0.779492,0.533373,0.199112,0.626847
47.600000,0.341723,0.762890,0.153437,0.224473,0.784388,0.533336,0.199715,0.630819
47.800000,0.341586,0.765166,0.153668,0.225279,0.789154,0.533652,0.200421,0.634868
48.000000,0.341480,0.767092,0.153878,0.225994,0.793767,0.533845,0.201011,0.638784
48.200000,0.341155,0.769011,0.154214,0.226657,0.798472,0.533886,0.201637,0.642438
48.400000,0.341091,0.770633,0.154443,0.227502,0.803066,0.533875,0.202078,0.646237
48.600000,0.340965,0.772660,0.154458,0.228032,0.807205,0.534183,0.202896,0.649758
48.800000,0.340797,0.774312,0.154789,0.228624,0.811467,0.534147,0.203455,0.653414
49.000000,0.340557,0.775722,0.154904,0.229605,0.815855,0.534363,0.204037,0.656903
49.200000,0.340492,0.777389,0.155174,0.230170,0.819931,0.534395,0.204631,0.660334
49.400000,0.340294,0.778587,0.155469,0.230714,0.823726,0.534591,0.205086,0.663467
49.600000,0.340208,0.780007,0.155597,0.231481,0.827689,0.534653,0.205974,0.666915
49.800000,0.339989,0.781545,0.155727,0.232276,0.832157,0.534959,0.206317,0.670700
50.000000,0.339857,0.782833,0.156053,0.233045,0.836553,0.535179,0.207304,0.674421
50.200000,0.339601,0.783858,0.156322,0.233658,0.840005,0.535242,0.207537,0.677227
50.400000,0.339474,0.785132,0.156312,0.234115,0.843509,0.535403,0.208256,0.680189
50.600000,0.339294,0.786284,0.156455,0.234569,0.846876,0.535306,0.208628,0.683062
50.800000,0.339247,0.787114,0.156696,0.235173,0.850415,0.535483,0.209187,0.685947
51.000000,0.339127,0.788081,0.156730,0.235806,0.853503,0.535640,0.209608,0.688817
51.200000,0.338950,0.788933,0.156913,0.236515,0.856674,0.535849,0.210193,0.691547
51.400000,0.338824,0.789738,0.157095,0.236858,0.859901,0.535902,0.210779,0.694249
51.600000,0.338710,0.790620,0.157192,0.237467,0.862959,0.535973,0.211212,0.696837
51.800000,0.338543,0.791338,0.157357,0.238056,0.866186,0.536087,0.211725,0.699490
52.000000,0.338423,0.792194,0.157600,0.238721,0.868886,0.536213,0.212041,0.701807
52.200000,0.338279,0.792984,0.157635,0.239190,0.871886,0.536461,0.212607,0.704256
52.400000,0.338113,0.793570,0.157828,0.239643,0.874439,0.536481,0.213016,0.706629
52.600000,0.337870,0.794243,0.157880,0.240238,0.877292,0.536624,0.213549,0.708902
52.800000,0.337828,0.794742,0.158152,0.240689,0.879951,0.536889,0.213942,0.711121
53.000000,0.337657,0.795248,0.158206,0.241094,0.882333,0.536852,0.214301,0.713493
53.200000,0.337507,0.795989,0.158237,0.241438,0.884663,0.537018,0.214916,0.715558
53.400000,0.337244,0.796267,0.158419,0.242202,0.887467,0.537210,0.215302,0.717773
53.600000,0.337238,0.796954,0.158576,0.242660,0.889849,0.537213,0.215694,0.719755
53.800000,0.336931,0.797559,0.158646,0.243083,0.892115,0.537399,0.216095,0.721766
54.000000,0.336810,0.797486,0.158752,0.243407,0.894075,0.537432,0.216226,0.723653
54.200000,0.336697,0.798139,0.158851,0.243897,0.896430,0.537688,0.216888,0.725525
54.400000,0.336533,0.798281,0.159141,0.244311,0.937458,0.537785,0.217167,0.727341
54.600000,0.336415,0.798727,0.159094,0.244855,0.900442,0.537745,0.217543,0.729184
54.800000,0.336443,0.799063,0.159179,0.245506,0.902736,0.538157,0.217896,0.730848
55.000000,0.336089,0.799424,0.159240,0.245808,0.904545,0.538256,0.218305,0.732658
55.200000,0.335978,0.800007,0.159351,0.246176,0.906465,0.538265,0.218704,0.734115
55.400000,0.335753,0.799772,0.159385,0.246602,0.908218,0.538397,0.218979,0.735849
55.600000,0.335613,0.800030,0.159531,0.246978,0.910184,0.538596,0.219504,0.737305
55.800000,0.335490,0.800251,0.159837,0.247338,0.911873,0.538603,0.219786,0.738937
56.000000,0.335426,0.800464,0.159829,0.247667,0.913758,0.538654,0.220207,0.740544
56.200000,0.335164,0.800929,0.159876,0.248190,0.916126,0.538918,0.220596,0.742348
56.400000,0.335016,0.800800,0.159982,0.248577,0.917733,0.539022,0.220702,0.743817
56.600000,0.334815,0.801006,0.160193,0.248958,0.919379,0.539228,0.221314,0.745376
56.800000,0.334768,0.800979,0.160105,0.249254,0.921011,0.539123,0.221453,0.746762
57.000000,0.334647,0.801091,0.160068,0.249710,0.922102,0.539396,0.221731,0.747857
57.200000,0.334477,0.801243,0.160297,0.250169,0.923519,0.539296,0.222139,0.748935
57.400000,0.334445,0.801622,0.160465,0.250418,0.924905,0.539600,0.222451,0.750418
57.600000,0.334210,0.801644,0.160437,0.250569,0.926503,0.539680,0.222641,0.751411
57.800000,0.334209,0.801664,0.160673,0.251024,0.927844,0.539854,0.223231,0.752812
58.000000,0.334152,0.801568,0.160573,0.251451,0.928988,0.539788,0.223370,0.753686
58.200000,0.334013,0.801544,0.160543,0.251678,0.930249,0.539897,0.223587,0.754939
58.400000,0.333971,0.801812,0.160712,0.251938,0.931463,0.540195,0.223841,0.756046
58.600000,0.333647,0.801718,0.160652,0.252245,0.932620,0.540253,0.224083,0.757138
58.800000,0.333624,0.801560,0.160966,0.252382,0.933861,0.540327,0.224386,0.757921
59.000000,0.333555,0.801615,0.160708,0.252760,0.935001,0.540468,0.224699,0.758892
59.200000,0.333439,0.801728,0.160972,0.253398,0.935995,0.540521,0.224795,0.759933
59.400000,0.333121,0.801793,0.160993,0.253691,0.937179,0.540555,0.225178,0.760859
59.600000,0.333152,0.801734,0.161144,0.253873,0.938278,0.540963,0.225404,0.761992
59.800000,0.333039,0.801843,0.161161,0.254167,0.939473,0.540963,0.225645,0.762779
60.000000,0.332952,0.801767,0.161199,0.254524,0.940387,0.541111,0.225708,0.763601
60.200000,0.332810,0.801556,0.161418,0.254521,0.941024,0.541156,0.226067,0.764378
60.400000,0.332751,0.801764,0.161476,0.254690,0.942263,0.541303,0.226170,0.765341
60.600000,0.332561,0.801420,0.161324,0.255276,0.943335,0.541440,0.226538,0.765992
60.800000,0.332489,0.801556,0.161431,0.255527,0.944132,0.541518,0.226849,0.766849
61.000000,0.332215,0.801362,0.161565,0.255619,0.944851,0.541560,0.226815,0.767540
61.200000,0.332259,0.801264,0.161523,0.255963,0.945807,0.541748,0.227185,0.768202
61.400000,0.331972,0.801157,0.161736,0.256192,0.946549,0.541521,0.227268,0.769189
61.600000,0.331962,0.801326,0.161798,0.256483,0.947273,0.541719,0.227518,0.769688
61.800000,0.331733,0.801174,0.161593,0.256575,0.948450,0.542221,0.227712,0.770470
62.000000,0.331801,0.801206,0.161787,0.256935,0.948948,0.542272,0.227988,0.771095
62.200000,0.331718,0.800784,0.161850,0.257326,0.949848,0.542385,0.228239,0.771970
62.400000,0.331468,0.800833,0.161758,0.257546,0.950754,0.542472,0.228398,0.772595
62.600000,0.331412,0.800705,0.161875,0.257701,0.951375,0.542333,0.228459,0.773035
62.800000,0.331127,0.800406,0.162091,0.257974,0.952024,0.542604,0.228583,0.773651
63.000000,0.331261,0.800599,0.162045,0.258251,0.952798,0.542620,0.228867,0.774359
63.200000,0.331066,0.800337,0.161963,0.258634,0.953670,0.542757,0.229090,0.774818
63.400000,0.330972,0.800380,0.162180,0.258707,0.954133,0.542985,0.229244,0.775342
63.600000,0.330771,0.800282,0.162105,0.258884,0.954871,0.543104,0.229300,0.776036
63.800000,0.330631,0.799781,0.162061,0.258993,0.955082,0.542929,0.229410,0.776335
64.000000,0.330637,0.799934,0.162070,0.259262,0.955915,0.543298,0.229724,0.776894
64.200000,0.330530,0.799824,0.162252,0.259312,0.956353,0.543484,0.229869,0.777345
64.400000,0.330285,0.799576,0.162085,0.259558,0.956947,0.543370,0.230019,0.778045
64.600000,0.330275,0.799460,0.162272,0.259833,0.957623,0.543647,0.230168,0.778304
64.800000,0.330220,0.799206,0.162466,0.260062,0.958005,0.543528,0.230323,0.778717
65.000000,0.330088,0.799391,0.162380,0.260297,0.958498,0.543447,0.230464,0.779215
65.200000,0.329997,0.799063,0.162444,0.260323,0.958922,0.543866,0.230418,0.779529
65.400000,0.329964,0.798719,0.162354,0.260606,0.959365,0.543992,0.230699,0.779951
65.600000,0.329827,0.798812,0.162267,0.260678,0.959981,0.543982,0.230798,0.780276
65.800000,0.329729,0.798536,0.162443,0.260888,0.960464,0.544238,0.230962,0.780744
66.000000,0.329493,0.798362,0.162445,0.261121,0.960947,0.544432,0.231090,0.780959
66.200000,0.329458,0.798193,0.162411,0.261238,0.961058,0.544404,0.231321,0.781463
66.400000,0.329350,0.798055,0.162759,0.261489,0.961506,0.544570,0.231307,0.781790
66.600000,0.329114,0.797927,0.162606,0.261577,0.962096,0.544587,0.231456,0.782157
66.800000,0.329109,0.797737,0.162642,0.261831,0.962418,0.544800,0.231513,0.782203
67.000000,0.329050,0.797708,0.162801,0.261915,0.962778,0.544609,0.231760,0.782638
67.200000,0.328975,0.797501,0.162579,0.262048,0.963004,0.544825,0.231641,0.782664
67.400000,0.328891,0.797347,0.162720,0.262269,0.963645,0.544903,0.231864,0.783177
67.600000,0.328692,0.796828,0.162727,0.262536,0.963627,0.544932,0.231814,0.783633
67.800000,0.328787,0.797047,0.162725,0.262477,0.964051,0.545079,0.232077,0.783761
68.000000,0.328656,0.796724,0.162802,0.262732,0.964317,0.545306,0.232163,0.784099
68.200000,0.328660,0.796871,0.162785,0.262799,0.964531,0.545620,0.232302,0.784546
68.400000,0.328515,0.796475,0.162685,0.263023,0.965102,0.545561,0.232356,0.784668
68.600000,0.328513,0.796265,0.162888,0.263265,0.965472,0.545599,0.232503,0.785056
68.800000,0.328495,0.796092,0.162845,0.263293,0.965735,0.545734,0.232462,0.785255
69.000000,0.328409,0.796005,0.162960,0.263437,0.965946,0.545752,0.232544,0.785387
69.200000,0.328358,0.795844,0.162864,0.263608,0.966270,0.545814,0.232675,0.785688
69.400000,0.328327,0.795559,0.163075,0.263550,0.966443,0.545883,0.232766,0.785803
69.600000,0.328311,0.795306,0.163071,0.263830,0.966719,0.546077,0.232968,0.785992
69.800000,0.328201,0.795288,0.163043,0.263968,0.967036,0.546210,0.232903,0.786216
70.000000,0.328132,0.795167,0.162978,0.264279,0.967421,0.546352,0.233108,0.786529
70.200000,0.328046,0.794877,0.163037,0.264258,0.967700,0.546545,0.233042,0.786771
70.400000,0.327804,0.794737,0.163059,0.264285,0.967628,0.546499,0.233078,0.786860
70.600000,0.327930,0.794709,0.162966,0.264556,0.967933,0.546616,0.233277,0.787149
70.800000,0.327852,0.794788,0.163214,0.264662,0.968161,0.546739,0.233402,0.787348
71.000000,0.327725,0.794481,0.163236,0.264745,0.968152,0.546704,0.233397,0.787410
71.200000,0.327699,0.794269,0.163195,0.264696,0.968620,0.546838,0.233547,0.787499
71.400000,0.327570,0.794303,0.163288,0.265162,0.968875,0.546916,0.233589,0.787697
71.600000,0.327525,0.793933,0.163412,0.265053,0.968976,0.547168,0.233585,0.787761
71.800000,0.327420,0.793815,0.163316,0.265307,0.969162,0.546906,0.233575,0.788030
72.000000,0.327439,0.793673,0.163379,0.265417,0.969409,0.547323,0.233396,0.788381
72.200000,0.327178,0.793589,0.163338,0.265380,0.969460,0.547398,0.233640,0.788275
72.400000,0.327156,0.793366,0.163475,0.265598,0.969581,0.547465,0.233806,0.788345
72.600000,0.327319,0.793362,0.163451,0.265550,0.970000,0.547383,0.233829,0.788526
72.800000,0.327268,0.793266,0.163321,0.265868,0.970137,0.547580,0.233814,0.788736
73.000000,0.327247,0.793213,0.163493,0.266060,0.970197,0.547782,0.233977,0.788918
73.200000,0.327038,0.792967,0.163457,0.265988,0.970573,0.547639,0.233920,0.789112
73.400000,0.326958,0.792539,0.163398,0.266233,0.970303,0.547923,0.234058,0.789177
73.600000,0.327117,0.792610,0.163521,0.266283,0.970618,0.548062,0.234136,0.789288
73.800000,0.327062,0.792429,0.163691,0.266474,0.971020,0.548162,0.234193,0.789390
74.000000,0.327055,0.792521,0.163490,0.266565,0.971217,0.548208,0.234156,0.789557
74.200000,0.327084,0.792249,0.163638,0.266576,0.971350,0.548345,0.234341,0.789713
74.400000,0.326713,0.791845,0.163652,0.266799,0.971245,0.548477,0.234354,0.790088
74.600000,0.326992,0.791786,0.163623,0.266962,0.971446,0.548539,0.234333,0.789864
74.800000,0.326789,0.791888,0.163721,0.267053,0.971720,0.548584,0.234391,0.790235
75.000000,0.326729,0.791730,0.163698,0.267315,0.971771,0.548576,0.234485,0.790183
75.200000,0.326723,0.791362,0.163599,0.267416,0.971714,0.548566,0.234482,0.790201
75.400000,0.326606,0.791345,0.163800,0.267484,0.972014,0.548869,0.234377,0.790354
75.600000,0.326589,0.791277,0.163817,0.267612,0.972166,0.548920,0.234607,0.790541
75.800000,0.326496,0.791252,0.163775,0.267592,0.972391,0.548995,0.234570,0.790657
76.000000,0.326433,0.790894,0.163816,0.267534,0.972396,0.549131,0.234678,0.790470
76.200000,0.326456,0.790720,0.163744,0.267786,0.972684,0.549234,0.234641,0.790485
76.400000,0.326365,0.790820,0.163859,0.267867,0.972735,0.549374,0.234607,0.790734
76.600000,0.326261,0.790803,0.163908,0.267811,0.972689,0.549461,0.234539,0.790735
76.800000,0.326265,0.790451,0.163830,0.268032,0.972849,0.549479,0.234764,0.791013
77.000000,0.326299,0.790614,0.163937,0.268149,0.972831,0.549765,0.234774,0.790767
77.200000,0.326175,0.790293,0.163933,0.268294,0.972981,0.549547,0.234861,0.791046
77.400000,0.326160,0.790356,0.163953,0.268552,0.973095,0.549573,0.234854,0.791018
77.600000,0.326017,0.790175,0.163894,0.268257,0.973167,0.549646,0.234697,0.790891
77.800000,0.325809,0.789836,0.163912,0.268496,0.972921,0.549780,0.234544,0.791000
78.000000,0.325820,0.789871,0.164012,0.268690,0.973233,0.549983,0.234847,0.791324
78.200000,0.325884,0.789666,0.163882,0.268675,0.973197,0.549929,0.234993,0.791371
78.400000,0.325847,0.789793,0.164095,0.268986,0.973343,0.550155,0.234855,0.791215
78.600000,0.325771,0.789517,0.164334,0.268832,0.973472,0.550160,0.235081,0.791328
78.800000,0.325714,0.789617,0.164157,0.268940,0.973444,0.550345,0.235029,0.791369
79.000000,0.325607,0.789185,0.164213,0.269150,0.973799,0.550305,0.235097,0.791512
79.200000,0.325601,0.789240,0.164104,0.269145,0.973632,0.550370,0.235059,0.791528
79.400000,0.325562,0.789035,0.164223,0.269165,0.973734,0.550611,0.235102,0.791530
79.600000,0.325512,0.789069,0.164229,0.269230,0.973903,0.550671,0.235088,0.791541
79.800000,0.325381,0.788881,0.164249,0.269399,0.973533,0.550732,0.235139,0.791674
80.000000,0.325440,0.788728,0.164060,0.269396,0.973793,0.550703,0.235112,0.791644
80.200000,0.325356,0.788619,0.164247,0.269495,0.973866,0.550977,0.235174,0.791777
80.400000,0.325432,0.788494,0.164276,0.269592,0.973852,0.551059,0.235202,0.791817
80.600000,0.325424,0.788556,0.164325,0.269648,0.974033,0.551162,0.235235,0.791752
80.800000,0.325426,0.788170,0.164259,0.269637,0.973988,0.551114,0.235147,0.791760
81.000000,0.325533,0.788370,0.164464,0.269871,0.974475,0.551279,0.235223,0.792013
81.200000,0.325452,0.788434,0.164414,0.269854,0.973866,0.551323,0.235200,0.791896
81.400000,0.325412,0.788007,0.164402,0.269821,0.974189,0.551320,0.235359,0.792071
81.600000,0.325406,0.788014,0.164624,0.270063,0.974280,0.551312,0.235068,0.791945
81.800000,0.325179,0.787717,0.164408,0.270138,0.974325,0.551590,0.235233,0.791986
82.000000,0.325273,0.787737,0.164368,0.270162,0.974049,0.551519,0.235235,0.791833
82.200000,0.325201,0.787784,0.164415,0.270383,0.974229,0.551679,0.235286,0.791936
82.400000,0.325457,0.787486,0.164454,0.270244,0.974352,0.551896,0.235188,0.792064
82.600000,0.325283,0.787444,0.164636,0.270354,0.974274,0.551884,0.235187,0.792031
82.800000,0.325034,0.787418,0.164347,0.270248,0.974288,0.551915,0.235239,0.792129
83.000000,0.325195,0.787073,0.164356,0.270655,0.974422,0.551858,0.235424,0.792155
83.200000,0.325106,0.787136,0.164597,0.270335,0.974309,0.551903,0.235209,0.791935
83.400000,0.325159,0.787065,0.164527,0.270589,0.974507,0.552211,0.235246,0.792164
83.600000,0.325288,0.787208,0.164641,0.270798,0.974469,0.552079,0.235279,0.792183
83.800000,0.325109,0.787022,0.164601,0.270945,0.974499,0.552067,0.235243,0.792130
84.000000,0.325106,0.786975,0.164652,0.270889,0.974438,0.552301,0.235282,0.792320
84.200000,0.325052,0.786834,0.164464,0.270769,0.974467,0.552236,0.235326,0.792214
84.400000,0.324979,0.786830,0.164623,0.270959,0.974515,0.552476,0.235301,0.792376
84.600000,0.324718,0.786603,0.164747,0.271074,0.974771,0.552648,0.235023,0.792126
84.800000,0.325038,0.786610,0.164731,0.271136,0.974603,0.552555,0.235263,0.792317
85.000000,0.324938,0.786491,0.164690,0.271255,0.974524,0.552699,0.235319,0.792261
85.200000,0.324901,0.786734,0.164769,0.271242,0.974750,0.552754,0.235305,0.792335
85.400000,0.324891,0.786727,0.164777,0.271366,0.974812,0.552862,0.235317,0.792455
85.600000,0.324821,0.786486,0.164785,0.271316,0.974856,0.552967,0.235152,0.792328
85.800000,0.324794,0.786575,0.164805,0.271524,0.974908,0.553087,0.235384,0.792527
86.000000,0.324706,0.786525,0.164647,0.271544,0.974848,0.553103,0.235396,0.792632
86.200000,0.324610,0.786300,0.164771,0.271463,0.974858,0.553079,0.235139,0.792518
86.400000,0.324586,0.786148,0.164873,0.271747,0.974906,0.553358,0.235427,0.792608
86.600000,0.324581,0.786187,0.164883,0.271663,0.975118,0.553380,0.235393,0.792518
86.800000,0.324528,0.786018,0.164865,0.271897,0.974884,0.553097,0.235391,0.792648
87.000000,0.324526,0.785866,0.164816,0.271716,0.974759,0.553427,0.235370,0.792478
87.200000,0.324329,0.785938,0.164646,0.271897,0.975058,0.553523,0.235169,0.792455
87.400000,0.324388,0.785909,0.164804,0.272031,0.974934,0.553535,0.235193,0.792607
87.600000,0.324332,0.785811,0.164939,0.272072,0.974732,0.553519,0.235277,0.792614
87.800000,0.324336,0.785750,0.164916,0.272073,0.974900,0.553699,0.235317,0.792655
88.000000,0.324316,0.785802,0.164968,0.272118,0.974962,0.553793,0.235180,0.792395
88.200000,0.324293,0.785582,0.165097,0.272325,0.975173,0.553820,0.235172,0.792638
88.400000,0.324217,0.785611,0.164843,0.272276,0.974891,0.553753,0.235438,0.792651
88.600000,0.324242,0.785483,0.164993,0.272143,0.975160,0.554041,0.235392,0.792484
88.800000,0.324227,0.785462,0.164966,0.272256,0.974916,0.554088,0.235418,0.792660
89.000000,0.324371,0.785436,0.165002,0.272381,0.974869,0.553981,0.235262,0.792716
89.200000,0.324166,0.785308,0.165073,0.272298,0.975161,0.554236,0.235415,0.792742
89.400000,0.324161,0.784801,0.165001,0.272378,0.975107,0.554324,0.235328,0.792766
89.600000,0.324110,0.784914,0.165038,0.272638,0.975254,0.554233,0.235242,0.792683
89.800000,0.324177,0.785255,0.165241,0.272674,0.975177,0.554501,0.235155,0.792594
90.000000,0.324063,0.784859,0.165069,0.272593,0.974938,0.554276,0.235403,0.792608
